,ID,Political,text
0,100001,Yes,ȘTII CĂ BANANELE AU ACELE PETE NEGRE PENTRU CĂ ORGANIZEAZĂ LUPTE ILEGALE NOAPTEA?
1,100002,Yes,"MASCA ESTE OBLIGATORIE! 
ROMÂNII:"
2,100003,No,Când vrei să te răzbuni pe musca care nu te-a lăsat să dormi toată noaptea
3,100004,Yes,Mai multe filiale ale Institului Cantacuzino au reluat producția de vaccinuri antigripale...
4,100005,No,Ce aveti fără zahăr și să nu îngrașe? Șervețele!
5,100006,No,Fața mea când părinții au venit la școală să mă ia mai devreme de la lecții
6,100007,No,Dintele meu cariat uitându-se la mine cum plătesc ultimii 300€ pentru haine băutură și țigări în loc să mă duc la dentist
7,100008,No,Cand sunt plictisit nimeni nu-mi trimite mesaje.. Cand sunt ocupatbrusc devin cel mai popular om din lume!
8,100009,No,"CE DACĂ FATA PE CARE O PLACI ARE IUBIT? 
ȘI FOTBALUL ARE PORTAR ȘI TOT DAI GOL..."
9,100010,No,"chelnerul: plătiți împreună sau separat? 
femeile:"
10,100011,No,CE S-A SCHIMBAT TURNU EFEL
11,100012,Yes,"Vladimir Putin , mesaj de ultima ora pentru romani: ""Pai ce ati crezut voi, ca o sa intrati in Shengel inaintea noastra?"""
12,100013,Yes,TACÂMURI PENTRU DIETĂ
13,100014,No,Client: Oare de ce vine mancarea rece ?
14,100015,No,DAC-AS FI PENTRU O ZI PRESEDINTE
15,100016,Yes,"Când cineva îmi zice ""iar mănânci?"""
16,100017,Yes,Când i-ai trimis mesajul acum 7h si a fost activa acum 10 minute
17,100018,No,Intotdeauna se găseste o prietenă căreia să-i fie frică la filmele de groaza
18,100019,Yes,THEY SEE ME COPY THEY HATIN'
19,100020,No,George Simion s-a mai calmat dupa ce a aflat ca in tunelurile dacice nu va fi taxa pe Soare.
20,100021,No,"Tu mi faci inima sã bată
Cum nu o face nicio fată"
21,100022,No,Anestezie lași 2022
22,100023,Yes,Asa arata Raiul pentru o fata
23,100024,No,Eu încercând să par relaxat uitându-mă la televizor în timp ce mama vorbește cu diriginta la telefon
24,100025,No,"TU 
PISICA 
bagi bradul în casă
scoți globurile 
împodobști 
termini de împodobit"
25,100026,No,Sa nu il scapi e scump! Sa nu il scapi gresia e scumpa!
26,100027,No,Cand ai nevoie de psiholog dar decizi sa te tratezi singura!
27,100028,No,"- de când sunteți la muncă în Italia ?  - Sunt acolo deja al 15-lea an  -wow, deci cred că aveți mulți bani  eu:"
28,100029,No,VÂND CASĂ cu vedere spre viitor...
29,100030,No,"dau chirie in Cluj: spatioasa, pat dublu, vedere la piscina, 439eur,fara cheltuieli"
30,100031,No,"PROFESOARA DE FRANCEZĂ: SCRIEȚI UN ESEU DE 3 PAGINI! 
EU: 
Google Translate 
Ctrl V"
31,100032,Yes,"YOUTUBE ÎNCĂRCÂND UN VIDEO: 
YOUTUBE ÎNCĂRCÂND O RECLAMĂ:"
32,100033,No,"Da bani la profesori or draw 25 
Guvern"
33,100034,No,"0 - mesaje 0 - apeluri 
10 - mesaje 7 - apeluri"
34,100035,No,"Când ești cu naveta și aștepți să termine profesoara de vorbit la începutul ultimei ore, ca să ceri voie să pleci că îți pornește autobuzul imediat"
35,100036,No,"Esti SPECIAL! DA, TU! Cel care citeste!"
36,100037,No,Când te-ai gătit 3 ore ca să ieși la întâlnire și el a decis că nu vă mai puteți vedea azi
37,100038,No,Copiii tăi când nu faci nimic vs. copiii tăi când intri în conference call cu colegii de la lucru
38,100039,Yes,Putina lume stie ca buzunarul cel mic de la blugi este pentru salariu
39,100040,Yes,"""VREAU SI EU O EMOLOAICA DIN AIA"""
40,100041,No,"CIORBĂ DE BERISOARE, urmăriți-ne pentru mai multe rețete!!"
41,100042,Yes,PSD a renuntat la boicot. Si-au dat seama ca e o mare lipsa de responsabilitate sa boicoteze cele mai biune surse de spaga.
42,100043,No,"degeaba ma abin sã nu zic ceva, că mi se citeşte pe fată"
43,100044,No,"RO ALERT
EU"
44,100045,No,FOAIE VERDE CURCUBEU MAI PROASTA CA MINE-S EU
45,100046,Yes,PETRECEREA DE PIETONI
46,100047,Yes,"""Vreau sa ne unim cu Moldova, dar nu inainte ca Moldova sa se uneasca cu patria-muma, Rusia!"""
47,100048,Yes,"Ciolacu povesteste cum a luptat la Revolutie: "" Pe 25 Decembrie, am iesit de sub pat si am strigat JOS RATIU!"""
48,100049,Yes,Mă pun la somn să mă odihnesc si visez că lucrez
49,100050,No,Eu uitându-mã la povestea mea la fiecare 2 minute pentru că imi place melodia pe care am pus-o
50,100051,Yes,"degeaba ma vorbiți de bine
ca mie tot rau imi merge"
51,100052,No,Eu în timp ce mă pregătesc de un video call care putea să fie un simplu email
52,100053,No,Nu prea cred in cuvinte... pentru ca in ziua de astazi nimeni nu mai spune ce simte!
53,100054,Yes,"-STAI, MĂRIE, CĂ NU-ȚI FAC NIMIC! - PĂI, DACĂ NU ÎMI FACI NIMIC, DE CE SĂ STAU?"
54,100055,No,"Eu căutând online cum să fac venit pasiv fără universitate, fără investiții și fără lucru"
55,100056,No,"Mihai, tu mi-ai pus praf saharian pe Logan?!"
56,100057,No,APĂ CHIOARĂ
57,100058,No,"Klaus Iohannis 
43m 
Asta cu 3 euro in plus la Netflix pentru fiecare locuință mi se pare o prostie, sincer! 
20,2K 
7,0K Comments 2,8K Shares 
Like Comment Share"
58,100059,No,"""Securist încercând să-nțeleagă nota informativă a lui Nicușor Dan"""
59,100060,No,"INCALZIREA GLOBALA 
ASA A VRUT DUMNEZEU 
16 GRADE IARNA"
60,100061,No,cum arăt versus cum ma vede bunica
61,100062,Yes,Eu : ling cuțitul după ce am terminat Ceilalți chirurgi care mă asistă la operație :
62,100063,No,pe cine il alegi? comm cu:* comm cu :X
63,100064,Yes,In Canada folosesc abtibilduri pentru a reduce viteza masinilor. In Romnia folosec versiunea in 3D!
64,100065,Yes,"Când te sună șeful în timpul orelor de lucru și te pune să lucrezi la ceva , și acum trebuie să ieși din jocul tău online"
65,100066,No,Checutu'
66,100067,No,Eu asteptând sã îmi dai mesaj
67,100068,No,Când te cheamă bietii la furat dar mă-ta nu te lasă să iesi din casă
68,100069,No,"APOI LE_AM SPUS: ""SA TRAITI BINE!"""
69,100070,No,Aducem Mec la tine in comuna
70,100071,No,Hm. Imi pute a gay
71,100072,No,"""Marian, bine că mi-ai adus telefonul, imbecilul dracului"""
72,100073,No,Panouri solare care merg si noaptea Pentru toti romanii
73,100074,No,"HALBĂ CA ZĂPADA
ȘI CEI ȘAPTE MICI"
74,100075,No,"Am lista cu toti care au dat cu petarde, îi astept sã treac cu bicicleta."
75,100076,No,"Un fost Carmaci, care nu mai stia cum sa creasca populatia tarii, alaturi de in actual Carpaci, care nu maki stie cum s-o scalda"
76,100077,No,"""câtă răbdare poti avea?""
eu:"
77,100078,No,Saptamana cailor la lidl
78,100079,No,"""Banii nu te schimbă pe tine, schimbă oamenii din jurul tău."""
79,100080,No,Eu de feicare dată când cineva îmi zice ceva mai lung de 8 secunde
80,100081,No,"Fața mea când bancomatul face ""krrrrrrrrrrrrrr"" înainte să imi dea 1000 de lei în bancote de 1"
81,100082,No,Il omor sau nu? NU DA Voi alegeti :))
82,100083,No,"ÎNAINTE DE FILM: 
TOT ÎNAINTE DE FILM:"
83,100084,No,"Și, cum ai de gând să o impresionezi? 
El:"
84,100085,No,INCA 4 ANI CU BORDURI SI PALMIERI IN S3
85,100086,Yes,GTA San Maramureș
86,100087,Yes,"În drum spre parcarea laterală după ce ți-a murit motorul de 12 ori deja 
Examen"
87,100088,Yes,"Când ai văzut pe frigider un bilețel de la prietena ta care scire ""Nu mai merge"", iar când deschizi frigiderul vezi că el defapt merge"
88,100089,No,Un țăran avea o iapă. Până i-au furat-o TÂGANII !!! SFÂRȘIT!
89,100090,No,CINE A NINS SĂ STRÂNGĂ
90,100091,No,Babele din România Babele din Europa
91,100092,No,Eu: *povestesc mamei despre ziua mea la școală   Mama care deja a primit un sunet de la școală despre faptul că nu am fost la lecții
92,100093,Yes,Vreți ceva de băut? Între ce pot să aleg? Între Da și NU!
93,100094,Yes,Prietenul tău care a venit cu 2 alți băieți la petrecerea ta
94,100095,Yes,"Întâi facem o poza sa punem pe story 
Eu:"
95,100096,No,"CAND INTRA HOȚII IN CASA
SI TE UITI CUM CAUTA BANII PE CARE NU II AI"
96,100097,No,"Cum plătiți?
Cu lacrimi în ochi!"
97,100098,No,MA IA CU FREZOANE
98,100099,No,HE-HE!
99,100100,Yes,"Si acum, va declar HOT si HOTIE"
100,200001,No,"Azi esti tanar, maine ii faci crispy la o pitica de 1,56 cu nervi turbo diesel de stie sa loveascã la ficat"
101,200002,No,AU ZIS CA VOR SEMIFINALE LA EURO
102,200003,No,"""de ce nu vrei sa intrii la o cafea?""
sosetele mele:"
103,200004,Yes,AI GRIJA CE SPUI CA NU TE MAI SPOVEDESC
104,200005,No,"Succes, Joe Biden!"
105,200006,No,Mergi sa-i cunosti parintii si i suna telefonu' lu' tacsu la tine in geacă
106,200007,Yes,Eu Tu
107,200008,Yes,Eu făcându mi câtiva cartofi si două ouă ochiuri
108,200009,No,Cuplurile după 9 luni de carantină împreună
109,200010,No,"Iubit, ti-am făcut programare la solar!"
110,200011,Yes,"Ce-ar fi dacă, de mâine, am încerca să mâncăm sănătos? Ai înebunit?!? Acum, când avem nevoie de toți conservanții..."
111,200012,No,Directorul: *cumpără bănci noi pentru școală*  Elevii din ultima bancă :
112,200013,No,"Când trebuie să feliciți pe cineva, și deja ai folosit cuvintele ""sănătate"" și ""fericire"""
113,200014,No,"Neamurile, de Sărbători: când te însori, când faci copii? 
Eu: 
Îmi produceți un stres teribil"
114,200015,No,După ce bați un tâgan...
115,200016,No,"Bună ziua! Mă numesc Alex Nedea și sunt jurnalist la Recorder. 
Om de afaceri cu legături politice 
Aș vrea să vă pun câteva întrebări... 
...legate de contractele firmei dumneavoastră cu statul român."
116,200017,No,"DE AZI SUNT LA DIETĂ, ÎN LOC DE 6 FELII DE PIZZA MĂNÂNC DOAR 3"
117,200018,No,"Amator ,,Banii sau viața!"" 
Profesionist ,,Semnează aici pentru încheierea acordului de vasalitate"""
118,200019,No,"Dorel electricianul : *Face o improvizație la sistemul electric* 
Eu, pe patul de ATI :"
119,200020,No,CÂND AȘTEPȚI CA O TELEVIZIUNE ROMÂNĂ  SĂ DEA O ȘTIRE DESPRE CUTREMUR
120,200021,No,FACEBOOK Linkedin Instagram Tinder
121,200022,No,"Bihorenii în priul rând. 
Pentru Consiliul Județean Bihor"
122,200023,No,DIMINEAȚA ESTE MAI FRIG PENTRU CĂ... AERUL A STAT AFARĂ TOATĂ NOAPTEA
123,200024,No,CAND SE APROPIE BLACK FRIDAY DAR TU ESTI SARACIE ABOSLUTA
124,200025,No,"BUNICULE, NE MAI SPUI O DATA POVESTEA AIA  CAND AI CAZUT DE LA ETAJUL TREI"
125,200026,No,"CIOLOȘ! CIOLOȘ, IEȘI MĂ! TE-A NOMINALIZAT IOHANIS."
126,200027,No,REVOLUȚIA BUNEI GUVERNĂRI! PNL USR +PLUS
127,200028,No,Eu la toate petrecerile prezentând colecția mea secretă de meme-uri care încă nu au fost postate
128,200029,No,sa mori tu
129,200030,No,SI VREI SA SPUI CA ROMANIA A TERMINAT PE PRIMUL LOC IN PRELIMINARII?
130,200031,No,Miau...taiat-o!
131,200032,No,Bea o gură si taci!
132,200033,No,"Doamna de fier ureaza Romaniei un calduros ""LAMULTEAN!"""
133,200034,No,"CATALIN, Al LEGATURA!
Da Andrea am legătura"
134,200035,No,Vrei să-ți trag o cârja?
135,200036,No,"TATI, CE INSEAMNA SA DAI GOL? NU STIU FIULE, SUNTEM FANI ROMANIA"
136,200037,No,"Spune-mi lucruri murdare! București, Sector 1"
137,200038,No,Studenții de peste hotare în primul lor an de cămin:
138,200039,No,Cu proful ăla șmecher la ora deschisă în parc
139,200040,No,JE SUIS BĂIATU DE LA USR CU CASCADA MINIMALISTĂ.
140,200041,No,GUVERN PNL Relații Pile #memepolitice
141,200042,No,"Ce folosesc pentru a face duș:
 Femeile:
 Bărbații:
 BALSAM
 Mămăligă cu brânză de capră"
142,200043,No,CAND TOTI PRIETENII TAI SUNT AFARA   SI TU AI TEME DE FACUT
143,200044,No,"Cum adica, lucrez pe 31 decembrie?"
144,200045,No,LINKEDIN FACEBOOK INSTAGRAM TINDER
145,200046,No,"Eu, uitându-mă pe ultimele sondaje politice din România:"
146,200047,No,"5 lei în copilărie 
50 de lei în adolescență 
2000 de lei în viața de adult"
147,200048,No,"SPALATORIE DE PACATE  
SPALATORIE DE PACATE 
SPALATORIE DE PACATE CU AGHEASMA SUB PRESIUNE"
148,200049,No,Aicea merge niște porumb
149,200050,No,ORICE ELEV PE 10 SEPTEMBRIE
150,200051,No,"Ce capitală are Marea Britanie? Mă ia de proastă! Ce, eu nu știu că mările nu au capitală?"
151,200052,No,2020 2030
152,200053,No,MONMENTUL ALA CAND AFLII  CA SCOLILE RAMAN INCHISE
153,200054,No,"Când vrei să mergi în vacanță, dar e pandemie de coronavirus"
154,200055,No,MOMENTUL ĂLA CÂND AFLI CĂ NU TREBUIE SĂ TE DUCI  LA ȘCOALĂ
155,200056,No,Eu explicând prietenei mele diferența între C++  Javasript și python
156,200057,No,"NU ȘTIE NICI MĂCAR SĂ CALCULEZE DEBITUL UNUI RÂU! BOSS, SUNTEM AICI SĂ FURĂM, NU SĂ CALCULĂM!"
157,200058,Yes,"Cum e, ma, sa fi insurat? Super tare! masimt de parca as avea iarasi 16 ani! Adica? Fumez in toaleta, beau pe ascuns.."
158,200059,No,Fanii Coldplay când văd maneliști pe scenă
159,200060,No,Sună mã si te rezolv...
160,200061,No,Uniunea Sobolanim Romania
161,200062,No,FANII ROMANIEI ASTEPTAND UN GOL CU LICHTENSTEIN
162,200063,No,NU AM VIATA SOCIALA DUPA CE AM STAT TOATA VIATA IN FATA PC-ULUI
163,200064,No,"Steagul oficial, al anului 2020!"
164,200065,No,Ai 16 ani din ce metrix trebuie să scapi bă vere uită te dreq la Ben 10 si lasă l pe Andrew Tate
165,200066,No,Sunt pasionat de fotbal și de mașini
166,200067,No,YOU WILL REGRET WALKING ME UP!
167,200068,No,ROMANIA IN PRELIMINARII  ROMANIA IN AMICALE
168,200069,No,"DESCOPERIRE ARHEOLOGICĂ!
FARAON ÎN VASLUI"
169,200070,No,Când afli in pauză că ai avut temă
170,200071,No,"Si, uitati, atat va face PSD-ul coada vulpii!"
171,200072,No,CE ITI PLACE SA BEI Bere LAPTE!!! LAPTE!!!
172,200073,No,"OK, GOOGLE, UNDE E MASINA MEA?"
173,200074,Yes,"Eu : mă scuzați că am întârziat, traficul a fost cam greu   Profa pe webcam :"
174,200075,No,"ALO, DISPECERATUL? VĂ ROG AJUTAȚI-MĂ, MI-A INTRAT APA ÎN CASĂ ĂĂĂ... PLATĂ SAU MINERALĂ?"
175,200076,No,CUM TE SIMȚI CĂND ȚI-AI FĂCUT TEMELE DE VACANȚĂ  ȘI COLEGII APELEAZĂ LA TINE
176,200077,No,Camera Deputaților a aprobat tacit autonomia Ținutului Secuiesc Legea pică în Senat Și oricum e neconstituțională Români mândri
177,200078,No,"Cand esti IT-ist, votezi pnl si iti dai seama ca o sa iti puna impozit pe venit"
178,200079,No,Când profesoul te dă pe tine și pe cel mai bun prieten afară din clasă
179,200080,No,MOMENTUL ALA CAND AI COLEGI CU MANA PE SUS  SI PROFA TE ALEGE PE TINE
180,200081,No,"Manualele școlare este un subiect intens! Valentin Popa min, Educației. Manualele sunt! Băă! Oligofrenule! Valentinee! Ăștia este proști! Ai un 10 la mine cât toate degetele de la o mână!"
181,200082,No,"UBB: -Ai plagiat 
Politician român"
182,200083,No,Când încerci să înțelegi logica șoferilor care claxonează deși semaforul este roșu
183,200084,No,"Toată lumea: PSD-ule, scapa de baroni,Tutankhamoni, reformează-te!! PSD: NO #memepolitice"
184,200085,Yes,Când realizezi că nu ai slăbit nici anul ăsta!
185,200086,No,MĂ ÎNRTEB CE I-A SPUS FRIZERULUI
186,200087,No,Cine suntem noi? pnl Ce vrem noi? sa impozitam IT-istii Când vrem? ACUM!
187,200088,No,"Închiriez apartament cu 2 camere, recent renovat, situat într-o zonă bună, utilat, etc. 
Preț: 1000 de euro pe lună, nu se negociază, rog seriozitate."
188,200089,No,Așteptând să vină apa caldă
189,200090,No,PNL USR PLUS UDMR
190,200091,No,Cum se simt cei care cumpără sare de Himalaya în loc de sare normală
191,200092,No,Nicolae Stanciu de fiecare dată când vede mingea la 30 de metri de poartă
192,200093,No,Uniunea Șobolănim* România UȘR
193,200094,No,CAND TU SI PRIETENII TAI  AFLATI CA ATI LUAT BACUL
194,200095,No,Astăzi vin doi srilankezi Mâine vin șapte srilankezi Poimâine vor autonomie!
195,200096,No,"Germania: Pierdem războiul!!
România: TU îl pierzi"
196,200097,No,Asta inseamna sa fii mafiot
197,200098,No,Cateodata beau un pahar cu apa
198,200099,No,in drum spre inima ta
199,200100,No,"Cluj
120k ron"
200,300001,No,"LASA-L PE AVARII, BOSS, CA NU STAM MULT"
201,300002,No,"Romanii: noi nu serbam Halloween, e un obicei anti-crestin sa iti pui masti de demoni
Tot romanii:"
202,300003,No,ECHIPA NATIONALA
203,300004,No,The Trollfather
204,300005,No,"Hey, scuze, cred ca m-ai lăsat cu seen din greseala"
205,300006,No,Cum se uita un sofer de BMW la olinia de tramvai libera
206,300007,No,"MĂI ELISABETA, MĂI
ȘI CE TÂNĂRĂ ERAI"
207,300008,Yes,SPITAL DIN ROMANIA ACINETOBACTER E. COLI PIOCIANIC ENTEROCOCCUS CORONAVIRUS ASTAFILOCOC AURIU
208,300009,Yes,SI VREI SA SPUI CA ROMANIA A TERMINAT PE PRIMUL LOC IN PRELIMINARII?
209,300010,No,TOTI ROMANII CARE AU CRITICAT NATIONALA INAINTE DE EURO
210,300011,No,Când ai votat cu USR și tre' să te prefaci că e totul o.k.
211,300012,No,Se unde știu că demiterea lui VeVe o măsură bună? Fiindcă deranjează. PROFU' de sănătate publică
212,300013,No,"Când te-ai dus la mare pentru a scăpa de depresie, dar acum stai la mare depresat"
213,300014,No,LE-AM SPUS APOI CA NU VOM MAI EXTINDE SCHENGEN PANA NU SECURIZAM GRANITELE
214,300015,No,"cine e impotriva pensiilor  speciale
cine vrea sa protesteze impotriva pensiilor speciale"
215,300016,No,CUM TE SIMȚI  CÂND REPARI CEVA ÎN FAȚA PRIETENEI
216,300017,No,"pnl, imediat dupa ce castiga alegerile si impoziteaza veniturile IT-stilor"
217,300018,No,"Toată lumea: Predoiule, anulează recursul compensatoriu!!Predoiu: NO #memepolitice"
218,300019,No,Când toată lumea crede că greșești și Google-ul arată că ai dreptate
219,300020,No,"BAC 
TU"
220,300021,No,pnl veniturile IT-istilor
221,300022,Yes,DUPĂ CE VEZI CĂ HALEP A BĂTUT-O PE SHARAPOVA
222,300023,Yes,DE 1 IUNIE  SĂ NU UITĂM DE CEI MICI
223,300024,Yes,ROBU aflând ca DNA îl trimite în judecată #memepolitice
224,300025,No,"LIDL 
RONALDO 
7"
225,300026,No,Adoptă un șobolan! O campanie PNL USRPLUS pentru București USRPLUS
226,300027,Yes,CE SIMPLU AR FI DACA N-AR FI GREU
227,300028,No,Eu de 25 ani care încă nu am învățat cum e corect să te comporți când cineva plânge
228,300029,No,"Revoluție, mineriadă, Roșia Montana, Colectiv, OUG 13 Burgeri moca și bilete gratuite de tren"
229,300030,No,Minutul 70...coafura rezista!
230,300031,No,"""hai coae ca nu patesti nimic..."""
231,300032,Yes,AI DE PLM
232,300033,Yes,CUM SUNT UNI Pe Internet .... in realitate
233,300034,No,"Am nimerit la nebuni!
Vaiii, ce-mi place!"
234,300035,No,AM RAS
235,300036,No,CAND ESTI PORTAR SI AI NECI CONTRA ROMANIEI
236,300037,No,Când nu știi ce să alegi...
237,300038,No,Tata uitându-se la nota mea de 2 la exercițiile de matematică pe care el singur le-a rezolvat
238,300039,No,Gaura din buget Florin Cîțu Parlamentul Eliminarea gratuității la tren pentru studenți
239,300040,No,Adoptă o căpușă! O campanie PNL USRPLUS pentru București USRPLUS
240,300041,No,EȘTI DIN ROMÂNIA DACĂ  MAI ÎNTÂI SE ASFALTEAZĂ STRĂZILE ȘI DUPĂ ACEEA SE BAGĂ ȚEVILE
241,300042,Yes,"PROTESTELE DIN FRANTA
PROTESTELE DIN ROMANIA"
242,300043,Yes,După atâția ani de matematica am găsit radacina pătrată
243,300044,Yes,ASTA PUTEA FI ROMANIA  DAR TU VOTEZI CU PSD
244,300045,Yes,Se înființează de urgență Uniunea Salvați USR! Little Yoda to the rescue! #memepolitice
245,300046,Yes,nimeni: nimic ludovic orban: sa impozitam IT-istii
246,300047,Yes,Rasismul explcat idioților
247,300048,Yes,LISTA CU ALIMENTELE SANATOASE  PE CARE LE-AI MANCAT RECENT
248,300049,Yes,Când ești nervoasă și îți spune iubitul să te calmezi
249,300050,Yes,"DE 1 IUNIE 
SĂ NU UITĂM DE CEI MICI"
250,300051,Yes,"Maestre, da-mi un sfat bun pentru zilele noastre 
Oriunde te-ai duce, 
nu uita incarcatorul"
251,300052,Yes,NU-I MOMENTU' ACUUUUUUM
252,300053,Yes,"Big Mac 
Sarma"
253,300054,No,S-A INVENTAT MAȘINA INVIZIBILĂ?
254,300055,Yes,ROM\NII PNL BANII PUBLICI
255,300056,Yes,"Câinele meu, când vede un chinez pe stradă - Ori îmi dă viruși, ori mă mănâncă"
256,300057,Yes,"Mihai Viteazul, pe punctul de a-l infrunta pe Sinan Pasa, cca. 1595"
257,300058,Yes,"pulverizator 
fâs-fâs"
258,300059,Yes,Aria cercului raza la patrat
259,300060,Yes,"Eu, uitandu-ma pe ultimile sondaje politice din Romania"
260,300061,Yes,"> devine ministrul educatiei
> FUTE TOT SISTEMUL
> nu elaboreaza
> isi da demisia"
261,300062,Yes,"Iliescu explica cum a pacalit moartea: ""De 25 de ani ma cauta doar la puscarie si eu sunt acasa"""
262,300063,Yes,"Dupa ce fac praf justitia ma iau si de Dumnezeu. Ce-i cu porunca asta ""sa nu furi""?"
263,300064,Yes,Spune-i mosului o poezie
264,300065,Yes,Când auzi că se închide FileList
265,300066,Yes,Zi de nastere in anii 2000:
266,300067,Yes,"Succes, Joe Biden!"
267,300068,Yes,AM GĂSIT 23 DE ORDONANȚE LA PENELEU
268,300069,Yes,"Savant din Evul Mediu  incercand sa obtina aurul prin alchimie, cca. 1137"
269,300070,Yes,MOMENTUL ĂLA CÂND NU ȘTII DACĂ MAI E CUTREMUR SAU E DOAR PULSUL
270,300071,Yes,"MINISTRA ÎNVĂȚĂMÂNTULUI: ""NICIO ȘCOALĂ FĂRĂ PEPSIGLASS PE BĂNCI!"""
271,300072,Yes,"69 
”Greu de ucis”"
272,300073,Yes,Antrenorii de fitness în luna ianuarie 2020 be like:
273,300074,Yes,AI TĂI DUPĂ CE TE ÎNTORCI LA ȘCOLALĂ
274,300075,Yes,FIECARE ROMAN DE BLACK FRIDAY  TACI SI IA-MI BANII!
275,300076,Yes,"007 
0,7"
276,300077,Yes,CUM NUMĂRĂ UN INGINER OILE CÂND VREA SĂ ADOARMĂ
277,300078,Yes,"Sunt pe dieta! 
Mănânc doar morcovi"
278,300079,Yes,Adoptă o groapă! O campanie PNL USRPLUS pentru București USRPLUS
279,300080,Yes,Când trece dirigintele pe lângă tine după ce i-ai spus că nu vii la școală că ești răcit
280,300081,Yes,CND MERGI CU RATB ȘI TE PRINDE CONTROLORUL FĂRĂ BILET
281,300082,Yes,Guvernul PNL
282,300083,Yes,CÂND VREI SĂ FACI DECLARAȚIE DE DRAGOSTE DAR AI PIERDUT INELUL ÎN SACII DE VOT
283,300084,Yes,România: nu poți să ai coronavirus dacă nu testezi pe nimeni
284,300085,Yes,O eugenie
285,300086,Yes,Decat nota!
286,300087,Yes,Am scapat la mustata
287,300088,No,PARTIDUL SATANIST DOMINANT
288,300089,No,Singurul antrenor care poate duce Romania la un turneu final
289,300090,Yes,Se aproba
290,300091,Yes,Sper sa-i placa lu' Liviu cadoul moșului...
291,300092,Yes,Când mama intră în camera mea după ce am facut curat
292,300093,Yes,AVETI SUGURANTA ZILEI DE MAINE? NU NU NU DA
293,300094,Yes,MAI RAR AȘA CEVA
294,300095,Yes,"Mircea, iti spun sincer, eu am vrut sa-l fac zidar. Dar a insistat sotia...."
295,300096,Yes,"Si, ce abilitati aveti ?"
296,300097,Yes,Bunica pregătită să-mi dea perversa după ce i-am zis că nu imi e foame
297,300098,Yes,"ÎN SFARSIT
STAȚIUNEA TATAIA"
298,300099,Yes,my reaction to everything
299,300100,Yes,CÂND TE ÎNTREABĂ PRESA DE PNL
300,300101,Yes,"Eu: Ce tare e lupta asta din film, ar fi super dacă aș avea cum să o încerc și eu  Fratele meu mai mic:"
301,300102,Yes,ea : îmi plac doar veganii  eu:
302,300103,Yes,CE FACEȚI AICI? DĂM ORDONANȚE!
303,400001,No,"CAND ABIA SCAPI DE CORONAVIRUS SI APARE ""CORONAROVIRUS"""
304,400002,Yes,Adoptă un țânțar! O campanie PNL USRPLUS pentru București USRPLUS
305,400003,Yes,"AVEȚI COVRIGEI LA 1 LEU? 
DA! 
CÂT COSTĂ?"
306,400004,No,"Intervievatorul: Ai vreo experiență în rol de conducere? 
Eu: Păi, sunt adminul unui grup de Whatsapp."
307,400005,Yes,"SĂ VEZI CE O SĂ SE BUCURE ȘEFU' 
CĂ AM AJUNS PRIMII LA LOCUL ACCIDENTULUI"
308,400006,Yes,FRATE?
309,400007,Yes,PNL Nicușor Dan
310,400008,No,Când ai zis că iei trei puncte cu Bosnia și n-ai luat nimic din nou
311,400009,No,CAND TE PUNE CINEVA LA TREABA
312,400010,No,PNL în opoziție PNL la guvernare
313,400011,Yes,Când îi vezi pe ăia din provincie că fac meme cu metroul din București
314,400012,No,Iohanis Ciolos Orban Barna Kelemen hunor
315,400013,Yes,P-ăsta nu-l prinde politia niciodată. Aude sirena cu 3 zile înainte.
316,400014,Yes,GATA CU DROGURILE !
317,400015,No,"Bucuresteni: ""E mai mare chiria că plätesti zona""
Zona:"
318,400016,Yes,De la putere la decadere
319,400017,No,Noi angajați de la McDonald's când văd otravă de șoareci și plicuri de laxaive puse în sertarul ”Pentru clienți”
320,400018,No,Vrei ceva de la mega ?
321,400019,No,"""It's over Anakin, I have the playgroud"""
322,400020,No,Eu si cu tata chinuindu-ne cu tema la mate din clasa a doua
323,400021,No,guvern protestatari jandarmi
324,400022,No,"DORMEO...
..NOAPTE BUNĂ"
325,400023,No,FLORIN CÎȚU FUNCȚIA DE PREMIER LUDOVIC ORBAN FUNCȚIA DE PREMIER
326,400024,Yes,"Nicușor Dan solicitându-i Gabrielei Firea să elibereze funcția de Primar General al Municipiului București în urma rezultatului algerilor locale, Oct. 2020"
327,400025,Yes,Când te gândești că e o idee bună să te duci la grătar în plină pandemie
328,400026,Yes,PNL Economia României 04.11.2019 - 04.05.2020 imminvest
329,400027,Yes,NU TE SUPĂRA FRATE!
330,400028,Yes,grupuri de intelectuali romani discutand diferentele dintre nihilism si existentialism
331,400029,Yes,"2022 
2024"
332,400030,No,"Știi să furi? 
Da 
Ești angajat! 
Guvernu României"
333,400031,No,"de post 
vegan"
334,400032,No,Următorul task este să îți faci temele fără acces la internet
335,400033,No,ȘTII BANCUL CU DRAGNEA? NU GRAG NE-AR FI SĂ TE VEDEM ÎN PUȘCĂRIE
336,400034,Yes,MOMENTUL ALA CANDII VEZI PE AIA DE LA ANTENA 1  CUM ARATA IN HD
337,400035,No,Pentru cine a zis ca matematica nu e folositoare
338,400036,No,PSD PSD PSD Razand biciuim moravurile
339,400037,No,FANII ROMANIEI ASTEPTAND UN GOL CU LIECHTENSTEIN
340,400038,No,IN ROMANIA NU CONTEAZA CINE ESTI  CONTEAZA UNDE PARCHEZI
341,400039,No,- Si una de jale
342,400040,No,Am injurat 100 de romani
343,400041,Yes,Cum se uită gândacii la tine când aprinzi lumina în bucătărie.
344,400042,Yes,"De ce juratii de la Masterchef România din 2012, arată ca o trupă pop/rock?"
345,400043,Yes,UNA TUTA LEI
346,400044,Yes,"Profesorii: *fac grevă, iar orele nu se tin*
Elevii care nu sunt an terminal:"
347,400045,Yes,Santa Claus il scoate din maneca pe Mos Nicolae
348,400046,Yes,BREXIT
349,400047,Yes,Românii cand aud in copaci pasari diverse țipând si ciripind flindca sunt excitate in calduri si vor sex
350,400048,Yes,Când folosești calculatorul la examen ca să te asiguri că 4+5 e egal cu 9
351,400049,Yes,TREI PAHARE LA BĂIATU' ȘI PLEC #memepolitice CAMERA DEPUTAȚILOR
352,400050,Yes,60 De pruna
353,400051,Yes,"Când îți faci planuri de vacanță, dar apare încă o tulpină de Covid"
354,400052,Yes,Când auzi oameni că se ceartă pe strada ta
355,400053,Yes,CINE NU IUBESTE SIMPLITATEA DE LA APPLE?
356,400054,Yes,IOHANIS Dezbinarea-i arma mea.. EU SUNT PRINCIPALUL PERICOL PENTRU ROMANIA!
357,400055,Yes,"UNDE SE AFLA FRANTA? 
AICI 
UNDE SE AFLA BRAZILIA?
AICI 
UNDE SE AFLA Oltenia? 
AICI"
358,400056,Yes,EU EXPLICANDU-LE ROMANILOR CA NU E OK SA FACA MISTO CAND ESTE UN SUBIECT SERIOS
359,400057,Yes,Cand tai un copac in Sibiu
360,400058,Yes,"Clotilde e o Șoșoacă pentru bula educată 
CHANGE MY MIND"
361,400059,Yes,"ASTA INSEAMNA 
SA FII MAFIOT"
362,400060,Yes,Eu la 3 ani după ce mi-am turnat suc de mere în paharul de vin ca să pot bea cu toți la masă
363,500001,No,"Tati, eu de unde vine? Pai eu impreuna cu mama ta, te-am gasit pe google si te-am downloadat"
364,500002,No,"Munikipiul București - PMkB 
10 septembrie la 18:08 
© Ionuț Oprea 
Urmeaza statia Drumul Taberei cu peronul pe partea stanga"
365,500003,Yes,Atunci cand un coleg pune o intrebare care lungeste sedinta cu 25 de minute.
366,500004,No,Pe mine mă cheamă George Pe mine nu
367,500005,Yes,DE 1 IUNIE SĂ NU UITĂM DE CEL MICI!
368,500006,No,"Tu si acel prieten, în parcare la Kautland, la ora 24, după două beri:"
369,500007,No,"Eu: Am luat salariul.
Maşina: Salariul nostru"
370,500008,No,Facem weekendul de 5 zile
371,500009,Yes,Voi interzice bormasina in weekend
372,500010,No,VÂND OM DE ZĂPADĂ DEMONTAT
373,500011,No,"Prieteni: Când o sã ai si tu copii?
Eu: Am deja un copil"
374,500012,Yes,CÂND NU VREI SĂ SIMTĂ TAC-TU CĂ AI FUMAT IN MASINA LUI
375,500013,No,"SPUNE, UNDE ESTE PARTENERUL TĂU ?"
376,500014,No,NU LE PIPĂIȚ  Spune NU pipăițului!
377,500015,No,Vreau să demonstrez bărbaților că și femeile știu să parcheze! - GATA!
378,500016,Yes,CAND ESTI SINGUR ACASA SI AUZI UN ZGOMOT
379,500017,No,"Când ajungi prima oară în Cluj 
recorder 
Mai este mult până la metrou?"
380,500018,No,"vând cozonac IKEA, trebuie doar montat! Rogseriozitate!"
381,500019,No,"SĂ DAI TREI GOLURI ȘI SĂ IEI BĂTAIE CU 2-0 
ASTA ÎNSEAMNĂ SĂ FII MAFIOT"
382,500020,No,"Când ai terminat să speli podeaua, dar ți-ai uitat telefonul în laltă cameră"
383,500021,No,Eu cu salariul in mana incercand sa imi aduc aminte cand a lucrat guvernul jumatate din turele mele
384,500022,No,"Vanzatoarea : 
- Sunt 62 de lei. 
-Am 100. 
-Da-mi 12 sa-ti dau 50, sau 2 sa-ti dau 40. 
Eu :"
385,500023,Yes,Prima mea intalnre cu Irina eram la ea la poartă si ieșise măsa-mare  s-o strige că i a făcut urzici cu niște ouă ochi
386,500024,No,"BIBLIOTECA PENTRU TOȚI COPIII
AMINTIRI DIN COPILĂRIE 
Ion Creangă"
387,500025,No,"Eu la 3 noaptea 
Frigiderul"
388,500026,No,"Azi de dimineață într-un apartament din București 
Hooo, Nicușor!"
389,500027,No,"CÂND VEZI PRIMELE EXIT POLL-URI 
CE-I, FĂ, ASTA?"
390,500028,No,"Buni, ce vârstă ai? Draga mea sunt așa de bătrână că nu mai știu Te poți uita pe eticheta chiloților, la mine scrie 5-6 ani"
391,500029,No,Mama uitandu-se la mine in timp ce pun o farfurie murdara in chiuveta proaspat golita
392,500030,No,Mamele uitându-se la copiii lor cum cresc și se duc la facultate:
393,500031,No,-Cand mergeti sa colindati? -Cand boierii nu-s acasa...
394,500032,No,cu berea in mana si cu gandul la tine
395,500033,No,Dacă nu vă potoliți îl opresc iar ....
396,500034,No,Ăstia puteam fi noi dar tie ti-a plăcut scoala
397,500035,No,Când ești in perfectă armonie cu natura.
398,500036,No,Când vă despartiti si vă cereti cadourile inapoi.
399,500037,No,"M-AM DUS PE ȘANTIER, POATE AȘA CONSTRUIM ȘI NOI UN VIITOR ÎMPREUNA"
400,500038,No,CAND COBORI LA TOMBERON SA ARUNCI GUNOIUL
401,500039,Yes,"Ultimii mei bani ii voi folosii pentru urgente..   Un Ciucaș, vă rog"
402,500040,No,M-AM SATURAT DE VIATA ASTA... MAI BINE MA DUC SA-MI IAU BERE
403,500041,No,Cum se uită un șofer de BMW la linia de tramvai liberă
404,500042,No,"SPEIȘ 
THE FINAL FRONTIER"
405,500043,No,"VII ASTĂ-SEARĂ PE LA MINE? 
AM APĂ CALDĂ."
406,500044,No,"ACEL MOMENT CÂND VEZI O GROAPĂ, DAR E PREA TÂRZIU SĂ O MAI EVIȚI:"
407,500045,No,SIFOANE
408,500046,No,"Buzunarul stang 
Buzunarul drept"
409,500047,No,"-Bă frate cum naiba ai primit un 10? Ești corigent mai mereu... 
Eu:"
410,500048,No,"500 LEI 
O eugenie"
411,500049,No,"firmele care fac bannere publicitare, în perioada alegerilor 
stonks"
412,500050,No,CÂINELE MEU CÂND MĂNÂNC CEVA:
413,500051,No,Copilul meu când ți pregătesc mâncare delicioasă. Copilul meu când găsește un pufulete de 2 săptămâni sub canapea.
414,500052,No,Cât de des se prăbișesc avioanele?  Doar o dată!
415,500053,No,Eu la munca incercand sa par ocupat
416,500054,No,"O SĂ MĂ APUC DE ÎNVĂȚAT LA 11. 
CEASUL MEU: 
10:65"
417,500055,No,"Eu și prietena mea în cămin la 12 noaptea, ne certăm cu paznicul @studentnews.info"
418,500056,No,"Cand cuiva Începe sã îi pese de mine
Eu:aici suna a manevră"
419,500057,No,I-am spus ca poate să o bage oriunde și el a băgat-o în sor'mea
420,500058,No,"Noaptea in alte tări.
Noaptea in România."
421,500059,No,îti arät eu revoltă imediat...
422,500060,No,"NU IMI PASA DE TRECUTUL TAU
TRECUTUL EI:"
423,500061,No,"Eu la 13 ani: Cum am făcut 18 ani dau de carnet și îmi iau mașină
Eu la 18 ani:"
424,500062,Yes,"Buna ziua, aveti 2 secunde sa vorbim despre mantuitorul nostru Iisus Hristos?"
425,500063,No,"CUM VĂD PĂRINȚII ȘCOALA:
CUM VĂD COPII ȘCOALA:"
426,500064,No,"Învârtitoarea când aveam 6 ani  Învârtitoarea acum, atză-o-ar focu"
427,500065,No,Cand te uiti la ceas sa vezi cat mai ai de dormit si vezi ca mai sunt 5 minute pana suna alarma
428,500066,No,Așteptând să vină apa caldă
429,500067,No,"- Tată, vino urgent acasă! - N-am cum sunt internat, am Covid-19... - Treaba ta, mama îți vinde undițele la prețul la care i-ai zis că le-ai cumpărat."
430,500068,No,DUPĂ ALEGERI DEVIN VEGETARIAN
431,500069,No,Cine o fi șef la UEFA?
432,500070,No,"TE-AI PREGĂTIT PENTRU PREZENTAREA DE ASTĂZI, AI ÎNVĂȚAT TOTUL ȘI EȘTI GATA PENTRU ABSOLUT ORICE. 
AUZI CĂ PROFESORUL TĂU A MURIT"
433,500071,No,"Cea mai mare minciuna: 
https://forms.gle/wzqNoy3e9hpA9fdk8 
Lucrade de Licență 
Lucrade de Licență 
Dureaza 5 min"
434,500072,No,SELLY LA SUMMIT-UL NATO
435,500073,No,NU ARUNCĂ LUMEA CU OUĂ ÎN TINE DACĂ SUNT PREA SCUMPE
436,500074,No,"Atâta timp cât din leu nu se pot face sarmale, pentru mine tot porcul rămâne regele animalelor :))"
437,500075,No,"Când trebuie să faci curățenie, dar nu ai nicio motivație așa că stai un pic să își aduni forțele."
438,500076,No,eu: putem sa ne oprim la McDrive? maica-mea: avem McDrive acasa  McDrive acasa:
439,500077,No,Mâine-i luni!
440,500078,No,"DAN BARNA, CITIND ZIARUL."
441,500079,No,"PROFESORUL: NU PUTEȚI SĂ FOLOSIȚI TELEFOANELE, CEASURILE INTELIGENTE SAU LAPTOPUI-LE LA TEST. 
EU:"
442,500080,No,"Când te-ai jucat până dimineața online, și aucm trebuie să intri în conference call pentru lecția online"
443,500081,No,"Daca intram in Shengen acum, e doar meritul PSD. Fara PSD, intram de mult."
444,500082,No,NOUL ALBUM AL LUI SALAM
445,500083,No,"Trezitul nu e o problemã
Cu ridicatul din pat e mai greu.."
446,500084,No,BERE LA ROBINET IN CASA FIECARUI ROMAN
447,500085,No,Plantele din casă când văd că pun apă în espressorul de cafea
448,500086,No,Atunci când te intorci de la muncă din Italia si trebuie sã te culci din nou cu souțl tău pe gratis...
449,500087,No,"- Nu o să mai găsesti niciuna ca mine!
- Aşa să m-ajute Dumnezeu"
450,500088,No,"Profa: Porniti camerele sa va vad
Eu care de abia m-am trezit:"
451,500089,No,"Patriarhul Daniel a intrat in Pstul Negru Metalizat, 530 CP, motor V12 in 6 litri. Postul prinde 100 km/h in 5 secunde."
452,500090,No,"când ai dormit 20 ore , dar mai tragi un pui de somn repede"
453,500091,No,"Eu cu mama, în timp ce profa pe skype povestește despre cum eu mă jucam counter strike în loc să ascult lecția online"
454,500092,No,"CÂND VEZI CĂ S-A STRICAT GOOGLE 
DAR PE TINE NU POT DA VINA"
455,500093,No,Toți merităm respect!
456,500094,No,Când te simți un pic rău și cauți simptomele pe google:
457,500095,No,Bucurestean in hainele de casa pe timpul iernii
458,500096,No,Când încerc sa mănânc noaptea în liniște și scap lingura pe jos
459,500097,No,Ce animal!  Nu te speria!Îl țin cu două mâini!
460,500098,No,"Intoarcerea la serviciu dupa un weekend prelungit 
Angajatii fara copii 
Oof, iar locul ăsta! 
Angajatii cu copii mici 
Bună ziua, muncăăăă! Uhuu!!!!"
461,500099,No,MI-A ZIS UN COPIL ”SARU' MANA”
